,0
are,4
you,13
brute,1
forcing,1
the,20
collision,1
detection,1
or,2
did,1
implement,1
some,3
optimisation,1
eg,1
a,9
quad,2
tree,2
im,1
using,2
uniform,1
grid,1
which,2
would,2
essentially,1
be,4
same,2
as,2
in,7
this,6
case,1
since,1
all,2
particles,1
spawned,1
random,1
positions,1
so,2
theyre,1
pretty,1
evenly,1
distributed,1
across,1
whole,1
canvas,1
circles,1
easy,1
just,2
use,3
sin,2
and,11
cos,1
to,14
determine,2
x,4
y,3
coordinates,4
if,7
circle,2
is,3
valid,1
option,1
could,2
trigonometry,1
its,3
pathits,1
between,2
10,5
computed,1
follows,1
with,3
increasing,1
t,7
value,2
representing,1
current,1
timex,1
,56
costy,3
sintsince,1
these,1
functions,4
take,1
radians,2
will,4
need,4
reduce,1
rate,1
at,1
increases,1
like,2
provide,1
degrees,1
instead,2
of,5
convert,1
followingdegrees,2
pi,2
1800since,1
cosine,1
return,1
can,2
multiply,1
values,1
returned,1
by,2
trig,2
move,2
them,1
further,1
from,1
center,3
point,1
example,1
radius,3
rr,1
500x,1
r,5
sintfinally,1
shift,1
your,2
path,1
add,1
results,1
functionscenterx,1
1000centery,2
800x,2
centerx,3
centery,3
sintso,1
putting,2
it,5
together,1
we,1
an,1
angle,5
compute,1
full,1
code,2
do,1
looks,1
1800r,1
500centerx,1
cosdegreesy,1
sindegreesthis,1
written,1
pvectors,1
more,1
concise,1
even,1
doing,1
thing,1
under,1
hood,1
regardless,1
helper,1
though,1
important,1
understand,1
how,1
works,1
see,1
following,1
for,2
pvector,1
examplepvector,1
new,1
pvectorcenterx,1
centerypvector,1
xy,1
pvectorfromangletmultraddcenterhope,1
helps,1
let,2
me,3
know,2
have,3
any,3
questions,1
help,1
other,1
part,1
program,1
thank,2
much,1
very,1
helpful,1
when,2
coding,1
out,2
worked,1
fine,1
however,1
i,3
try,1
put,2
class,2
cant,1
seem,1
figure,1
where,1
frequencythis,1
what,1
shark,3
float,5
sx,6
sy,10
190,1
frequency,3
1,1
width23,1
cosradiansangleradius,1
height67,1
sinradiansangleradius23,1
end,3
constructor,2
void,1
display,2
nostroke,1
fill687e95,1
ellipsesx,2
100,1
40,3
trianglesx,2
30,3
15,1
60,2
20,2
fill0,1
7,2
stroke200,1
classx200bthe,1
shows,1
up,1
on,1
my,2
screen,1
but,2
doesnt,1
ive,1
tried,1
does,1
not,1
work,1
suggestions,1
